,Name,Purpose
0,"Garcia, Johnson and Martinez",Seamless explicit project for synthesize robust experiences
1,Smith LLC,Re-contextualized empowering initiative for enable intuitive initiatives
2,"Fisher, Murphy and Salas",Total explicit encoding for utilize clicks-and-mortar channels
3,Ford-Johns,Organic 3rdgeneration function for harness revolutionary e-commerce
4,"Sloan, Barber and Atkins",Horizontal directional matrices for optimize wireless channels
5,Sosa Ltd,Open-architected systemic data-warehouse for matrix integrated experiences
6,Wilson Inc,Front-line real-time open system for embrace wireless systems
7,Rodgers-Mendoza,Programmable context-sensitive product for engage extensible portals
8,Obrien-Leach,Integrated tangible concept for envisioneer efficient info-mediaries
9,Gray-Harper,Robust background algorithm for envisioneer dynamic architectures
10,Thomas PLC,Secured asynchronous alliance for utilize plug-and-play communities
11,Howard-Snyder,Switchable cohesive service-desk for disintermediate cross-platform bandwidth
12,Lane Ltd,Re-engineered coherent framework for transform interactive bandwidth
13,Brown Group,Implemented optimal utilization for envisioneer rich users
14,Garrett-Monroe,Total zero-defect benchmark for incubate B2C mindshare
15,Martin Group,Cross-platform zero-defect groupware for enhance holistic e-services
16,Young and Sons,Horizontal content-based emulation for evolve clicks-and-mortar platforms
17,Maddox Inc,Multi-channeled solution-oriented orchestration for brand robust markets
18,"Rodriguez, Nicholson and Bailey",Persevering systematic help-desk for repurpose one-to-one schemas
19,Bell and Sons,Assimilated background access for re-contextualize next-generation paradigms
20,"Page, Petty and Myers",Down-sized radical process improvement for scale interactive relationships
21,"Harris, Medina and Holder",Programmable leadingedge alliance for target end-to-end metrics
22,Briggs-Copeland,User-friendly mobile frame for mesh turn-key niches
23,Barton-Richards,Enterprise-wide secondary help-desk for iterate leading-edge infrastructures
24,"Hudson, Ingram and Riley",Implemented leadingedge interface for harness out-of-the-box functionalities
25,Choi-Lucas,Persevering executive Graphical User Interface for enable one-to-one e-services
26,Mcdonald-Sellers,Organized user-facing hierarchy for orchestrate frictionless convergence
27,Hoover-Love,Diverse system-worthy website for incubate bleeding-edge e-commerce
28,"Shepherd, West and Torres",Fully-configurable analyzing middleware for whiteboard synergistic schemas
29,Miles-Murphy,Future-proofed needs-based Local Area Network for incentivize strategic markets
30,Hernandez and Sons,Reverse-engineered systematic Graphical User Interface for optimize innovative vortals
31,Mathis-Baker,Organized tertiary utilization for re-contextualize front-end action-items
32,Saunders-Lee,Ameliorated heuristic attitude for matrix granular synergies
33,Bonilla Inc,Reverse-engineered foreground Local Area Network for streamline web-enabled web services
34,Lane-Peterson,Compatible executive Graphical User Interface for synergize turn-key e-markets
35,Brown and Sons,Phased human-resource benchmark for iterate intuitive vortals
36,Pratt and Sons,Self-enabling uniform database for e-enable cross-media relationships
37,Swanson-Mitchell,Synergized client-server emulation for integrate robust info-mediaries
38,Baird and Sons,Inverse full-range challenge for seize cross-platform schemas
39,"Humphrey, Davis and Owens",Fundamental 5thgeneration artificial intelligence for maximize interactive experiences
40,"Saunders, Mitchell and Rojas",Automated dynamic concept for visualize virtual platforms
41,Barnes-Price,Quality-focused reciprocal utilization for morph cutting-edge portals
42,Snyder-Henry,Reduced even-keeled utilization for revolutionize visionary applications
43,"Davis, Christian and Taylor",Synergistic intermediate task-force for generate rich synergies
44,"Garza, Smith and Gomez",User-centric multimedia Local Area Network for synthesize customized experiences
45,"Pace, Yang and Lewis",Triple-buffered incremental toolset for syndicate integrated e-services
46,Kemp and Sons,Intuitive global access for extend out-of-the-box supply-chains
47,Fernandez Inc,Cloned zero tolerance contingency for productize world-class methodologies
48,Cannon and Sons,Polarized fresh-thinking throughput for synthesize distributed eyeballs
49,Brown Ltd,Reactive bottom-line capacity for transition best-of-breed eyeballs
0,"Fisher, Johnson and Ferguson",Stand-alone demand-driven flexibility for aggregate cutting-edge web-readiness
1,"Cox, Jackson and Becker",Down-sized modular superstructure for envisioneer innovative ROI
2,"Murphy, Duarte and Mays",Object-based full-range emulation for architect customized e-business
3,"Ramirez, Key and Anderson",Fundamental mobile Internet solution for utilize robust supply-chains
4,"James, Haynes and Hunt",User-centric bandwidth-monitored protocol for scale front-end ROI
5,"Jimenez, Gutierrez and Richardson",Pre-emptive high-level challenge for innovate clicks-and-mortar e-services
6,Russell-Daniels,Open-source bifurcated access for deliver granular interfaces
7,"Mitchell, Rose and Ferrell",Enterprise-wide actuating implementation for expedite cross-platform schemas
8,English Ltd,Re-contextualized encompassing database for synthesize synergistic action-items
9,Campos and Sons,Devolved scalable Internet solution for generate mission-critical niches
10,"Williams, Hill and Bradley",Reverse-engineered real-time parallelism for reinvent mission-critical methodologies
11,Jones Group,Public-key asymmetric software for extend visionary web services
12,Parker-Lee,Re-engineered multi-tasking system engine for revolutionize proactive paradigms
13,Lee Group,Synergistic value-added architecture for empower front-end web services
14,"Rogers, Kelly and Eaton",Synergistic didactic productivity for synergize visionary deliverables
15,"Brown, Taylor and Vasquez",Horizontal web-enabled superstructure for transform intuitive e-services
16,"Zuniga, Bond and Moore",Expanded asynchronous Graphic Interface for unleash dot-com ROI
17,Day-Cook,Re-engineered leadingedge knowledgebase for cultivate seamless e-tailers
18,Guerra-Nichols,Function-based zero-defect support for drive user-centric platforms
19,Mills-Rodriguez,Sharable optimal open system for utilize enterprise supply-chains
20,Lee and Sons,Enterprise-wide value-added secured line for benchmark synergistic info-mediaries
21,"Burns, Hernandez and Bean",Sharable explicit orchestration for engineer wireless communities
22,"Bray, Wilson and Phillips",Automated holistic service-desk for maximize frictionless functionalities
23,"Clark, Brown and Kelly",Persistent intermediate Graphical User Interface for synergize viral info-mediaries
24,Campbell Inc,Programmable motivating monitoring for transform leading-edge content
25,Johnston and Sons,Sharable composite methodology for aggregate cross-platform models
26,"Mitchell, Robertson and Jones",Reverse-engineered dedicated frame for whiteboard killer synergies
27,Johnson-Carr,Total static process improvement for redefine magnetic e-markets
28,Castro-Zamora,Intuitive 24/7 collaboration for revolutionize compelling experiences
29,Nguyen-Richardson,Extended high-level emulation for incentivize bricks-and-clicks content
30,Haynes Inc,Progressive systematic database for integrate best-of-breed applications
31,Jones-Oliver,Cross-group radical interface for target open-source portals
32,Ramos and Sons,Public-key zero tolerance methodology for redefine bricks-and-clicks content
33,King-Stokes,Polarized multi-tasking interface for deliver synergistic experiences
34,Barnes-Taylor,Open-architected intermediate application for drive out-of-the-box interfaces
35,Gonzalez LLC,Robust well-modulated definition for utilize distributed e-services
36,"Greene, Vargas and Richardson",Ameliorated static implementation for iterate seamless applications
37,"Klein, Hunt and Perez",De-engineered value-added concept for iterate transparent niches
38,Jones-Williams,Innovative systematic frame for repurpose cross-platform eyeballs
39,Huber Ltd,Customer-focused incremental monitoring for whiteboard strategic models
40,Neal-Ballard,Public-key disintermediate moratorium for expedite user-centric content
41,"Lopez, Davies and Garcia",Optimized asymmetric methodology for benchmark leading-edge niches
42,Harper-Ramirez,Advanced upward-trending approach for monetize 24/365 vortals
43,Strickland-Villanueva,Decentralized multi-tasking archive for orchestrate strategic partnerships
44,Williams-Garner,Synchronized fresh-thinking system engine for matrix strategic e-commerce
45,Carpenter-Wright,Persevering multimedia contingency for revolutionize cutting-edge action-items
46,Berry-Christian,Streamlined user-facing system engine for cultivate visionary deliverables
47,Rivera-Mayer,Visionary attitude-oriented open system for orchestrate transparent e-services
48,"Martinez, Romero and Thompson",Re-engineered foreground emulation for productize plug-and-play channels
49,Davis-Owens,Innovative intermediate complexity for synthesize granular markets
0," Smith, Carrillo and Torres", Polarized motivating frame for scale synergistic convergence
1," Bradley, Leonard and Oliver", Assimilated hybrid info-mediaries for repurpose e-business e-tailers
2," Erickson, Sellers and Garcia", Diverse optimal moderator for expedite transparent e-markets
3, Cruz LLC, Sharable executive approach for re-contextualize scalable interfaces
4, Soto PLC, Front-line tangible groupware for embrace revolutionary e-commerce
5, Beck-Downs, Front-line executive portal for maximize clicks-and-mortar eyeballs
6, Williams and Sons, Optional even-keeled policy for benchmark e-business interfaces
7," Mcgee, Cook and Benson", Horizontal interactive hierarchy for integrate cross-platform solutions
8, Parker PLC, Streamlined secondary open architecture for deploy wireless portals
9, Herrera LLC, Triple-buffered multi-state time-frame for matrix compelling web services
10," King, Martinez and Cowan", Enhanced 5thgeneration encryption for engineer virtual architectures
11, Shelton PLC, Synergized intangible paradigm for redefine turn-key communities
12, Tapia PLC, Horizontal intermediate website for e-enable synergistic e-services
13, Harrison-Hill, Front-line motivating Local Area Network for grow enterprise portals
14," Cummings, Flowers and Wu", Streamlined disintermediate pricing structure for grow sticky technologies
15, Webster Inc, Streamlined fresh-thinking synergy for whiteboard impactful interfaces
16," Proctor, Haas and Kline", Centralized client-server Local Area Network for deliver one-to-one synergies
17, Tucker-Hogan, Fully-configurable multi-tasking groupware for grow scalable paradigms
18, Riddle Ltd, Vision-oriented static workforce for incubate end-to-end synergies
19," Patterson, Estrada and Norris", Expanded bifurcated groupware for morph synergistic communities
20, Lee Inc, Automated coherent customer loyalty for matrix ubiquitous web-readiness
21," Martinez, Vega and Spence", Persevering content-based core for e-enable one-to-one supply-chains
22, Weiss-Moore, Re-contextualized methodical support for incentivize collaborative schemas
23, Oconnell-Thomas, Operative clear-thinking migration for disintermediate strategic architectures
24, Torres PLC, Innovative 4thgeneration neural-net for morph virtual e-business
25," Weaver, Castillo and Valencia", Programmable disintermediate groupware for cultivate 24/365 functionalities
26, Wilson Ltd, Front-line clear-thinking extranet for extend extensible partnerships
27, Harrison-Yang, Open-source multi-tasking structure for morph cutting-edge info-mediaries
28, Hernandez and Sons, Re-contextualized transitional task-force for iterate real-time web-readiness
29," Payne, Cabrera and Brown", Open-source local Internet solution for strategize enterprise portals
30, Turner-Paul, Synchronized fault-tolerant matrix for expedite vertical portals
31, Green-Simmons, Balanced client-driven framework for evolve global systems
32," Jones, Quinn and Glass", Networked uniform matrices for unleash global e-business
33, Sweeney-Mcclure, Optimized upward-trending throughput for exploit world-class platforms
34," Navarro, Baxter and Castro", Self-enabling even-keeled alliance for visualize distributed content
35," Larson, Norris and Wilson", Digitized dedicated project for visualize out-of-the-box applications
36," Baker, Torres and Jackson", Enterprise-wide multi-state instruction set for leverage distributed architectures
37, Johnston and Sons, Synergized next generation matrix for monetize impactful content
38, Gillespie LLC, Diverse foreground open system for re-intermediate bleeding-edge mindshare
39," Anderson, King and Collins", Centralized 6thgeneration migration for mesh bricks-and-clicks methodologies
40, Hunter Inc, Organized executive frame for deliver best-of-breed supply-chains
41, Garcia LLC, Virtual dedicated instruction set for benchmark seamless ROI
42, Mora PLC, Cross-platform eco-centric intranet for harness bricks-and-clicks functionalities
43, Clark-Martin, Networked executive paradigm for engage ubiquitous e-commerce
44, Bennett LLC, Reduced foreground matrices for optimize world-class methodologies
45, Adkins-White, Business-focused global complexity for implement collaborative paradigms
46," Ruiz, Gonzales and Medina", Reverse-engineered coherent superstructure for iterate killer e-business
47, Cisneros Ltd, Implemented hybrid paradigm for cultivate B2C eyeballs
48," Lawrence, Gilmore and Duffy", Persevering multi-state attitude for transition innovative e-services
49, Montgomery Inc, Reactive human-resource hub for matrix enterprise web-readiness
